{
	"id": "a5397230-ad2d-4a47-01bb-a290b270b2a8",
	"name": "ShopBridge",
	"description": "",
	"order": [],
	"folders": [
		{
			"name": "Product",
			"description": "",
			"collectionId": "a5397230-ad2d-4a47-01bb-a290b270b2a8",
			"order": [
				"9a97afe7-ccc3-5056-b2b5-d8f9bb29fab8",
				"65435dc5-15ea-28cd-9dd1-fe148532773a",
				"85006f90-38bf-5b9d-f3d3-3f5880cf1eba",
				"38b0739e-8271-fbf7-8909-5afe88a92fa4"
			],
			"owner": "2578655",
			"folders_order": [],
			"id": "0ece5246-7f42-0077-7d73-aa463f51a793"
		}
	],
	"folders_order": [
		"0ece5246-7f42-0077-7d73-aa463f51a793"
	],
	"timestamp": 1631637070300,
	"owner": "2578655",
	"public": false,
	"requests": [
		{
			"id": "38b0739e-8271-fbf7-8909-5afe88a92fa4",
			"headers": "Content-Type: application/json\n",
			"headerData": [
				{
					"key": "Content-Type",
					"value": "application/json",
					"description": "",
					"enabled": true
				}
			],
			"url": "https://localhost:44336/ShopBridgeProduct/Get",
			"folder": "0ece5246-7f42-0077-7d73-aa463f51a793",
			"queryParams": [],
			"preRequestScript": null,
			"pathVariables": {},
			"pathVariableData": [],
			"method": "GET",
			"data": [],
			"dataMode": "raw",
			"version": 2,
			"tests": null,
			"currentHelper": "normal",
			"helperAttributes": {},
			"time": 1631806286475,
			"name": "GetProduct",
			"description": "",
			"collectionId": "a5397230-ad2d-4a47-01bb-a290b270b2a8",
			"responses": [],
			"rawModeData": "\t{\n\t\t\t\"ProductCode\":\"S001\",\n       \"ProductName\":\"samsung GURU\",\n       \"Description\":\"Lenovo laptop\",\n       \"Price\":50000,\n       \"UpdatedBy\":\"bastin@gmail.com\"\n\t}"
		},
		{
			"id": "65435dc5-15ea-28cd-9dd1-fe148532773a",
			"headers": "Content-Type: application/json\n",
			"headerData": [
				{
					"key": "Content-Type",
					"value": "application/json",
					"description": "",
					"enabled": true
				}
			],
			"url": "https://localhost:44336/ShopBridgeProduct/Update",
			"folder": "0ece5246-7f42-0077-7d73-aa463f51a793",
			"queryParams": [],
			"preRequestScript": null,
			"pathVariables": {},
			"pathVariableData": [],
			"method": "POST",
			"data": [],
			"dataMode": "raw",
			"version": 2,
			"tests": null,
			"currentHelper": "normal",
			"helperAttributes": {},
			"time": 1631638469554,
			"name": "UpdateProduct",
			"description": "",
			"collectionId": "a5397230-ad2d-4a47-01bb-a290b270b2a8",
			"responses": [],
			"rawModeData": "\t{\n\t\t\t\"ProductCode\":\"S001\",\n       \"ProductName\":\"samsung GURU\",\n       \"Description\":\"Lenovo laptop\",\n       \"Price\":50000,\n       \"UpdatedBy\":\"bastin@gmail.com\"\n\t}"
		},
		{
			"id": "85006f90-38bf-5b9d-f3d3-3f5880cf1eba",
			"headers": "Content-Type: application/json\n",
			"headerData": [
				{
					"key": "Content-Type",
					"value": "application/json",
					"description": "",
					"enabled": true
				}
			],
			"url": "https://localhost:44336/ShopBridgeProduct/Delete?code=S002",
			"folder": "0ece5246-7f42-0077-7d73-aa463f51a793",
			"queryParams": [
				{
					"key": "code",
					"value": "S002",
					"equals": true,
					"description": "",
					"enabled": true
				}
			],
			"preRequestScript": null,
			"pathVariables": {},
			"pathVariableData": [],
			"method": "GET",
			"data": [],
			"dataMode": "raw",
			"version": 2,
			"tests": null,
			"currentHelper": "normal",
			"helperAttributes": {},
			"time": 1631805972675,
			"name": "DeleteProduct",
			"description": "",
			"collectionId": "a5397230-ad2d-4a47-01bb-a290b270b2a8",
			"responses": [],
			"rawModeData": "\t{\n\t\t\t\"ProductCode\":\"S001\",\n       \"ProductName\":\"samsung GURU\",\n       \"Description\":\"Lenovo laptop\",\n       \"Price\":50000,\n       \"UpdatedBy\":\"bastin@gmail.com\"\n\t}"
		},
		{
			"id": "9a97afe7-ccc3-5056-b2b5-d8f9bb29fab8",
			"headers": "Content-Type: application/json\n",
			"headerData": [
				{
					"key": "Content-Type",
					"value": "application/json",
					"description": "",
					"enabled": true
				}
			],
			"url": "https://localhost:44336/ShopBridgeProduct/Add",
			"folder": "0ece5246-7f42-0077-7d73-aa463f51a793",
			"queryParams": [],
			"preRequestScript": null,
			"pathVariables": {},
			"pathVariableData": [],
			"method": "POST",
			"data": [],
			"dataMode": "raw",
			"version": 2,
			"tests": null,
			"currentHelper": "normal",
			"helperAttributes": {},
			"time": 1631637255608,
			"name": "AddProduct",
			"description": "",
			"collectionId": "a5397230-ad2d-4a47-01bb-a290b270b2a8",
			"responses": [],
			"rawModeData": "\t{\n       \"ProductName\":\"samsung v001\",\n       \"Description\":\"Lenovo laptop\",\n       \"Price\":50000,\n       \"CreatedBy\":\"bastin@gmail.com\"\n\t}"
		}
	]
}